Invoice_Date,Client,Products,Amount,Bank_Document
9/2/2025,NOVAQUA,SIKACERAM 80I WHITE+GREY,21420.00,TRANSFER RECEIVED
9/8/2025,MY DE CONSTRUCTION,REBAR 08 TOR FE 500,11144.00,COLLECTION OF 1 BILL OF EXCHANGE
9/17/2025,TERRASTRUCT,CEMENT CPJ35 (21 T +19 bags),36790.00,TRANSFER RECEIVED
9/22/2025,STE DERRAB LISSAKAN,SIKACERAM 80I WHITE + GREY,4998.68,OFF-BRANCH CASH DEPOSIT
9/23/2025,STE DERRAB LISSAKAN,WOOD TALK LOUVERS 200X1200,4999.60,OFF-BRANCH CASH DEPOSIT
9/24/2025,NOVAQUA,CEMENT CPJ35 (29 T),43210.00,TRANSFER RECEIVED
9/24/2025,STE DERRAB LISSAKAN,SIKACERAM 80I WHITE + GREY,4999.68,OFF-BRANCH CASH DEPOSIT
9/25/2025,STE DERRAB LISSAKAN,SIKACERAM 80I WHITE + GREY,4999.68,OFF-BRANCH CASH DEPOSIT
9/26/2025,STE RACHIDIA CARREAUX,SIKACERAM 80I WHITE+GREY,44800.00,COLLECTION OF 1 LCN
9/26/2025,STE DERRAB LISSAKAN,SIKACERAM 80I WHITE + GREY,4999.68,OFF-BRANCH CASH DEPOSIT
9/29/2025,STE DERRAB LISSAKAN,SIKACERAM 80I WHITE + GREY,4999.48,OFF-BRANCH CASH DEPOSIT
10/1/2025,ENT FAJER TAIBA,SIKACERAM 80I GREY,18330.00,TRANSFER RECEIVED
10/1/2025,NOVAQUA,CEMENT CPJ35 (29 T),43210.00,TRANSFER RECEIVED
10/3/2025,DAIMON IMMO,CEMENT CPJ35 (27 T),40500.00,TRANSFER RECEIVED
10/13/2025,NOVAQUA,CEMENT CPJ35 (28 T),41720.00,TRANSFER RECEIVED
10/13/2025,STE DERRAB LISSAKAN,SIKACERAM 100M GREY,4999.28,OFF-BRANCH CASH DEPOSIT
10/14/2025,STE DERRAB LISSAKAN,SIKACERAM 100M GREY,4999.28,OFF-BRANCH CASH DEPOSIT
10/15/2025,STE DERRAB LISSAKAN,SIKACERAM 100M GREY,4999.28,OFF-BRANCH CASH DEPOSIT
10/16/2025,STE DERRAB LISSAKAN,SIKACERAM 100M GREY,4999.28,OFF-BRANCH CASH DEPOSIT
10/17/2025,NOVAQUA,CEMENT CPJ35 (28 T),41720.00,TRANSFER RECEIVED
10/17/2025,STE DERRAB LISSAKAN,SIKACERAM 100M GREY + WHITE,4997.88,OFF-BRANCH CASH DEPOSIT
10/20/2025,STE DERRAB LISSAKAN,SIKACERAM 100M WHITE,4999.04,OFF-BRANCH CASH DEPOSIT
10/21/2025,NOVAQUA,CEMENT CPJ35 (27 T),40500.00,TRANSFER RECEIVED
10/21/2025,STE DERRAB LISSAKAN,SIKACERAM 100M WHITE,4305.68,OFF-BRANCH CASH DEPOSIT
10/25/2025,NOVAQUA,CEMENT CPJ35 (28 T),32350.00,TRANSFER RECEIVED
10/31/2025,ENT FAJER TAIBA,SIKACERAM 80I GREY + PROLIDAL,22560.00,CHEQUE DEPOSITED FOR COLLECTION
11/4/2025,NOVAQUA,CEMENT CPJ35 (27 T)+SIKACERAM 80I WHITE,41720.00,TRANSFER RECEIVED
11/13/2025,NOVAQUA,CEMENT CPJ35 (28 T),41720.00,TRANSFER RECEIVED
11/13/2025,STE DERRAB LISSAKAN,SIKACERAM 80I WHITE,4999.68,OFF-BRANCH CASH DEPOSIT
11/14/2025,STE DERRAB LISSAKAN,SIKACERAM 80I WHITE,4999.68,OFF-BRANCH CASH DEPOSIT
11/17/2025,STE DERRAB LISSAKAN,SIKACERAM 80I WHITE,4999.68,OFF-BRANCH CASH DEPOSIT
11/19/2025,STE DERRAB LISSAKAN,SIKACERAM 80I WHITE,4999.68,OFF-BRANCH CASH DEPOSIT
11/25/2025,NOVAQUA,CEMENT CPJ35 (28 T),41720.00,TRANSFER RECEIVED
11/27/2025,STE RACHIDIA CARREAUX,SIKACERAM 80I WHITE+GREY+REBAR 10 TOR,45600.00,COLLECTION OF 1 LCN
12/5/2025,NOVAQUA,CEMENT CPJ35 (27 T)+ PROLIDAL,40230.00,TRANSFER RECEIVED
12/11/2025,ENT FAJER TAIBA,SIKACERAM 80I GREY + PROLIDAL,31625.00,CHEQUE DEPOSITED FOR COLLECTION
12/15/2025,NOVAQUA,CEMENT CPJ35 (27 T),40230.00,TRANSFER RECEIVED
12/26/2025,NOVAQUA,CEMENT CPJ35 (27 T),40230.00,TRANSFER RECEIVED
12/31/2025,NOVAQUA,REBAR 05 SMOOTH,6000.00,TRANSFER RECEIVED
12/31/2025,STE ATLAS FINITION,SIKACERAM 100M/80I + PROLIDAL,30976.00,COLLECTION OF 1 LCN
1/5/2026,NOVAQUA,CEMENT CPJ35 (27 T)+ PROLIDAL,40230.00,TRANSFER RECEIVED
1/19/2026,NOVAQUA,CEMENT CPJ35 (27 T),40230.00,TRANSFER RECEIVED
1/22/2026,NOVAQUA,CEMENT CPJ35 (27 T),40230.00,TRANSFER RECEIVED
1/28/2026,AIT OUKHALI TRAVAUX,SIKACERAM + HAMRI ADHESIVE,10600.00,TRANSFER RECEIVED
1/30/2026,STE AF.ED,SIKACERAM 80I + HAMRI ADHESIVE,48500.00,TRANSFER RECEIVED
1/30/2026,NOVAQUA,CEMENT CPJ35 (27 T)+ PROLIDAL,40230.00,TRANSFER RECEIVED
2/6/2026,STE OULAD ZAERS PROMO,CEMENT CPJ35 (27 T),40230.00,TRANSFER RECEIVED
2/13/2026,MESTRACO,CEMENT CPJ35 (27 T),40230.00,TRANSFER RECEIVED
2/27/2026,AIT OUKHALI TRAVAUX,SIKACERAM + WEBER LATEX,16160.00,TRANSFER RECEIVED
3/2/2026,ELIPROMO,CEMENT CPJ35 (27 T)+ PROLIDAL,40230.00,TRANSFER RECEIVED
3/2/2026,STE RACHIDIA CARREAUX,WEBERCOL TOP WHITE,8600.00,TRANSFER RECEIVED
3/4/2026,NOVAQUA,CIMARPRO 45 (27 T),41310.00,TRANSFER RECEIVED
3/10/2026,SCADACOM MAROC,CIMARPRO 45 (27 T),41310.00,TRANSFER RECEIVED
3/10/2026,NOVAQUA,CIMARPRO 35 (27 T),40230.00,TRANSFER RECEIVED
3/11/2026,STE ARAFIK,SIKACERAM 80I WHITE,4992.00,OFF-BRANCH CASH DEPOSIT
3/12/2026,STE ARAFIK,SIKACERAM 80I WHITE,4992.00,OFF-BRANCH CASH DEPOSIT
3/13/2026,STE ARAFIK,SIKACERAM 80I WHITE,384.00,OFF-BRANCH CASH DEPOSIT
Mar-26,STE ARAFIK,HAMRI ADHESIVE GREY C1,4999.68,OFF-BRANCH CASH DEPOSIT
3/27/2026,STE ARAFIK,HAMRI ADHESIVE GREY C1 + WHITE C1,4998.48,OFF-BRANCH CASH DEPOSIT
3/30/2026,STE ARAFIK,HAMRI ADHESIVE WHITE C1,4999.80,OFF-BRANCH CASH DEPOSIT
3/31/2026,STE ARAFIK,HAMRI ADHESIVE WHITE C1 + C2,4997.72,OFF-BRANCH CASH DEPOSIT
4/6/2026,NA MEGA S&C,CIMARPRO 35 (27 T),40230.00,TRANSFER RECEIVED
4/9/2026,SCADACOM MAROC,CIMARPRO 45+35 (20 T),30000.00,TRANSFER RECEIVED
4/14/2026,STE ARAFIK,WEBERCOL CLASSIC WHITE,4998.24,OFF-BRANCH CASH DEPOSIT
4/15/2026,STE ARAFIK,WEBERCOL CLASSIC WHITE,4998.24,OFF-BRANCH CASH DEPOSIT
4/16/2026,STE ARAFIK,WEBERCOL CLASSIC WHITE,4998.24,OFF-BRANCH CASH DEPOSIT
4/17/2026,STE ARAFIK,WEBERCOL CLASSIC WHITE,4998.24,OFF-BRANCH CASH DEPOSIT
4/17/2026,STE DERRAB LISSAKAN,SIKACERAM 80I GREY+WHITE,10000.00,TRANSFER RECEIVED
4/20/2026,NA MEGA S&C,CIMARPRO 35 (27 T),40230.00,TRANSFER RECEIVED
4/22/2026,MISCELLANEOUS (kamal hassan el amri),WEBERCOL CLASSIC WHITE,12500.00,COLLECTION OF 1 LCN
4/23/2026,SCADACOM MAROC,CIMARPRO 35 (27 T),40230.00,TRANSFER RECEIVED
4/24/2026,STE DELABIE BUIDING,HAMRI ADHESIVE WHITE C2,15600.00,TRANSFER RECEIVED
4/28/2026,ELIPROMO,CEMENT CPJ35+ REBAR 12 TOR,41600.00,TRANSFER RECEIVED
4/29/2026,SCADACOM MAROC,CIMARPRO 35 (27 T),40230.00,TRANSFER RECEIVED
5/5/2026,MESWANE,CIMARPRO 45+35,40345.00,TRANSFER RECEIVED
5/5/2026,EMTAC,WEBERCOL DUR+CLASSIC,14239.00,TRANSFER RECEIVED
5/6/2026,STE ARAFIK,REBAR 05 SMOOTH,2800.00,OFF-BRANCH CASH DEPOSIT
5/6/2026,SCADACOM MAROC,CIMARPRO 35 (27 T),40800.00,TRANSFER RECEIVED
5/7/2026,TRAVAUX OMS,WEBERCOL CLASSIC,21761.00,TRANSFER RECEIVED
5/12/2026,SCADACOM MAROC,CIMARPRO 35 (27 T),41040.00,TRANSFER RECEIVED
5/18/2026,KRITAL,CIMARPRO 35 (15 T),23328.00,TRANSFER RECEIVED
5/19/2026,MESWANE,CIMARPRO 45+35 +REBAR 12 TOR,17742.00,TRANSFER RECEIVED
5/21/2026,STE SEMGIKA,SIKACERAM 100M+80I,30000.00,TRANSFER RECEIVED
5/22/2026,STE ARAFIK,WEBERCOL CLASSIC WHITE + GREY,4999.40,OFF-BRANCH CASH DEPOSIT
5/25/2026,STE ARAFIK,WEBERCOL CLASSIC GREY,4998.60,OFF-BRANCH CASH DEPOSIT
5/26/2026,STE ARAFIK,WEBERCOL CLASSIC GREY+PROLIDAL,2502.00,OFF-BRANCH CASH DEPOSIT
6/4/2026,FAHMI ABDELJALIL,SIKACERAM 100M+80I,4110.40,OFF-BRANCH CASH DEPOSIT
6/4/2026,DISTRAC,SIKACERAM 100M+80I,4110.40,OFF-BRANCH CASH DEPOSIT
6/4/2026,STE ARAFIK,SIKACERAM 100M+80I,4110.40,OFF-BRANCH CASH DEPOSIT
6/5/2026,DISTRAC,SIKACERAM 100M+80I,4110.40,OFF-BRANCH CASH DEPOSIT
6/8/2026,DISTRAC,SIKACERAM 100M+80I,4110.40,OFF-BRANCH CASH DEPOSIT
6/9/2026,DISTRAC,HAMRI ADHESIVE GREY C1 25KG,2700.00,OFF-BRANCH CASH DEPOSIT
6/9/2026,AHMED AZIZI,WEBERCOL CLASSIC WHITE,24900.00,COLLECTION OF 1 LCN
6/10/2026,DISTRAC,WEBERCOL CLASSIC GREY+WHITE,2725.00,OFF-BRANCH CASH DEPOSIT
6/11/2026,STE ARAFIK,SIKACERAM 80I+HAMRI ADHESIVE,3052.00,OFF-BRANCH CASH DEPOSIT
6/12/2026,STE ARAFIK,SIKACERAM 80I+HAMRI ADHESIVE,2592.00,OFF-BRANCH CASH DEPOSIT
6/15/2026,STE ARAFIK,SIKACERAM 80I+HAMRI ADHESIVE,2592.00,OFF-BRANCH CASH DEPOSIT
6/16/2026,STE ARAFIK,SIKACERAM 80I+HAMRI ADHESIVE,2592.00,OFF-BRANCH CASH DEPOSIT
6/19/2026,STE ARAFIK,SIKACERAM 80I+HAMRI ADHESIVE,2592.00,OFF-BRANCH CASH DEPOSIT
6/22/2026,STE ARAFIK,SIKACERAM 80I+HAMRI ADHESIVE,2592.00,OFF-BRANCH CASH DEPOSIT
6/23/2026,STE ARAFIK,SIKACERAM 80I+HAMRI ADHESIVE,2592.00,OFF-BRANCH CASH DEPOSIT
6/24/2026,FAHMI ABDELJALIL,SIKACERAM 80I+HAMRI ADHESIVE,2592.00,OFF-BRANCH CASH DEPOSIT
6/25/2026,STE ARAFIK,WEBERCOL CLASSIC+JUNTA FINA,4320.00,OFF-BRANCH CASH DEPOSIT
6/25/2026,TRAVAUX OMS,SIKACERAM 100M+80I,27967.00,TRANSFER RECEIVED
6/26/2026,STE ARAFIK,WEBERCOL CLASSIC+JUNTA FINA,4320.00,OFF-BRANCH CASH DEPOSIT
6/29/2026,STE ARAFIK,WEBERCOL CLASSIC WHITE,2160.00,OFF-BRANCH CASH DEPOSIT
6/30/2026,STE ARAFIK,WEBERCOL CLASSIC WHITE,2160.00,OFF-BRANCH CASH DEPOSIT
7/3/2026,ELIPROMO,CEMENT CPJ35+REBAR 12 TOR,41445.00,TRANSFER RECEIVED
7/8/2026,STE YOUSSDIV,WEBERCOL CLASSIC GREY+WHITE,20160.00,CHEQUE DEPOSITED FOR COLLECTION
7/8/2026,EMRAUDE PARK,CEMENT CPJ35,40000.00,TRANSFER RECEIVED
7/15/2026,NOVAQUA,CIMARPRO 35 (26 T),40000.00,TRANSFER RECEIVED
7/21/2026,STE ARAFIK (probable),HAMRI ADHESIVE GREY C1 25KG,3000.00,OFF-BRANCH CASH DEPOSIT
7/21/2026,ELIPROMO,CIMARPRO 35,42080.00,TRANSFER RECEIVED
7/28/2026,STE OULAD ZAERS PROMO,CIMARPRO 35 (27 T),41445.00,TRANSFER RECEIVED
7/29/2026,STE MY DE CONSTRUCTION,SIKACERAM 80I+HAMRI ADHESIVE,14500.00,COLLECTION OF 1 LCN
7/31/2026,MESWANE,CIMARPRO 35 (26 T),40000.00,TRANSFER RECEIVED
7/31/2026,MISCELLANEOUS (kamal hassan el amri),WEBERCOL CLASSIC+JUNTA FINA,18000.00,COLLECTION OF 2 LCN
8/4/2026,ELIPROMO,CIMARPRO 35 (27 T)+ REBAR 05 SMOOTH,42080.00,TRANSFER RECEIVED
8/7/2026,FAHMI ABDELJALIL (CIN WA77205),WEBERCOL CLASSIC WHITE,4413.21,OFF-BRANCH CASH DEPOSIT
8/12/2026,AYOUB MARRAKECH,GURU WATERSTOP MAT (30 m2),4800.00,OFF-BRANCH CASH DEPOSIT
8/12/2026,AYOUB MARRAKECH,GURU WATERSTOP MAT (30 m2),4800.00,OFF-BRANCH CASH DEPOSIT
8/12/2026,AYOUB MARRAKECH,GURU WATERSTOP MAT (30 m2),4800.00,OFF-BRANCH CASH DEPOSIT
8/12/2026,AYOUB MARRAKECH,GURU WATERSTOP MAT (30 m2),4800.00,OFF-BRANCH CASH DEPOSIT
8/12/2026,AYOUB MARRAKECH,IMPERFLEX,4050.00,OFF-BRANCH CASH DEPOSIT
8/12/2026,AYOUB MARRAKECH,WEBERCOL CLASSIC WHITE,4550.72,OFF-BRANCH CASH DEPOSIT
8/12/2026,AYOUB MARRAKECH,WEBERCOL CLASSIC WHITE,4550.72,OFF-BRANCH CASH DEPOSIT
8/12/2026,AYOUB MARRAKECH,WEBERCOL CLASSIC WHITE,4550.72,OFF-BRANCH CASH DEPOSIT
8/12/2026,AYOUB MARRAKECH,WEBERCOL CLASSIC WHITE,4550.72,OFF-BRANCH CASH DEPOSIT
8/12/2026,AYOUB MARRAKECH,WEBERCOL CLASSIC WHITE,4951.60,OFF-BRANCH CASH DEPOSIT
8/12/2026,AYOUB MARRAKECH,WEBERCOL CLASSIC WHITE,4176.32,OFF-BRANCH CASH DEPOSIT
8/12/2026,AYOUB MARRAKECH,WEBERCOL CLASSIC GREY,4178.50,OFF-BRANCH CASH DEPOSIT
8/12/2026,AYOUB MARRAKECH,WEBERCOL CLASSIC GREY,4178.50,OFF-BRANCH CASH DEPOSIT
8/17/2026,MESWANE,CIMARPRO 35 (27 T),41040.00,TRANSFER RECEIVED
8/18/2026,AYOUB MARRAKECH,WEBERCOL CLASSIC GREY,4998.71,OFF-BRANCH CASH DEPOSIT
8/18/2026,AYOUB MARRAKECH,WEBERCOL CLASSIC GREY,4998.71,OFF-BRANCH CASH DEPOSIT
8/18/2026,AYOUB MARRAKECH,WEBERCOL CLASSIC GREY+DUR WHITE,2964.38,OFF-BRANCH CASH DEPOSIT
8/18/2026,AYOUB MARRAKECH,WEBERCOL DUR WHITE,4997.81,OFF-BRANCH CASH DEPOSIT
8/18/2026,AYOUB MARRAKECH,WEBERCOL DUR WHITE,4997.81,OFF-BRANCH CASH DEPOSIT
8/18/2026,AYOUB MARRAKECH,WEBERCOL DUR+JUNTA FINA+CLASSIC GREY,4994.29,OFF-BRANCH CASH DEPOSIT
8/19/2026,MESWANE,CIMARPRO 35 (27 T),41040.00,TRANSFER RECEIVED
8/24/2026,NOVAQUA,CIMARPRO 35 (27 T),41040.00,TRANSFER RECEIVED
8/24/2026,AYOUB MARRAKECH,HAMRI ADHESIVE GREY C1,3900.00,OFF-BRANCH CASH DEPOSIT
8/24/2026,AYOUB MARRAKECH,WEBERCOL CLASSIC GREY,4254.48,OFF-BRANCH CASH DEPOSIT
8/24/2026,AYOUB MARRAKECH,WEBERCOL CLASSIC GREY,3999.40,OFF-BRANCH CASH DEPOSIT
8/24/2026,AYOUB MARRAKECH,WEBERCOL CLASSIC GREY,3999.40,OFF-BRANCH CASH DEPOSIT
8/28/2026,ISMANE DEVELOPPEMENT,WEBERCOL CLASSIC GREY,3916.00,OFF-BRANCH CASH DEPOSIT
8/28/2026,ISMANE DEVELOPPEMENT,WEBERCOL CLASSIC WHITE,4428.00,OFF-BRANCH CASH DEPOSIT
